yr,inbtou_volume,covid19_cases,covid19_deaths,covid19_mortality
2010,451200,0,0,0
2011,438100,0,0,0
2012,371400,0,0,0
2013,327100,0,0,0
2014,386700,0,0,0
2015,426900,0,0,0
2016,474200,0,0,0
2017,468900,0,0,0
2018,528600,0,0,0
2019,526000,0,0,0
2020,216900,127,0,0
2021,71860,6054,200,0.03303600925008259
2022,366300,13463,38,0.0028225506944960263
