yr,inbtou_volume_cruise,covid19_cases,covid19_deaths,covid19_mortality
2010,NA,0,0,0
2011,NA,0,0,0
2012,1752000,0,0,0
2013,1786000,0,0,0
2014,2002000,0,0,0
2015,1902000,0,0,0
2016,1669000,0,0,0
2017,1238000,0,0,0
2018,1597000,0,0,0
2019,1632000,0,0,0
2020,436000,1456,27,0.018543956043956044
2021,243450,3741,48,0.012830793905372895
2022,NA,5791,14,0.0024175444655499916
